{"scene":"D:\\Sem 242\\Specialized project\\3dgs_pretrained_models\\drjohnson","SSIM_per_image":0.8237485289573669,"LPIPS":0.24449293315410614,"PSNR_per_image":23.153345108032227,"_runtime":44.6890229,"SSIM":0.8988737463951111,"PSNR":28.974931716918945,"_timestamp":1.744789876704038e+09,"method":"ours_30000","_wandb":{"runtime":45},"image_name":"00032.png","_step":33,"LPIPS_per_image":0.2883530259132385}