{"iteration_time":68.61209869384766,"_timestamp":1.7447877489279904e+09,"_wandb":{"runtime":287},"_runtime":284.1782082,"_step":4123,"iteration":4124,"train_loss/l1_loss":0.026007404550909996,"train_loss/total_loss":0.06557739526033401}